

'''#user_info'''
INSERT INTO user_info (user_ID, username, password,difficulty,day_of_progress)
VALUES (0,'blank','ignore_me',3,2);

INSERT INTO user_info (user_ID, username, password,difficulty,day_of_progress)
VALUES (1,'clara','hi',3,7);

INSERT INTO user_info (user_ID, username, password,difficulty,day_of_progress)
VALUES (2,'ams','ello',2,4);

INSERT INTO user_info (user_ID, username, password,difficulty,day_of_progress) 
VALUES (3,'sudi','hiya',2,8);

INSERT INTO user_info(user_ID, username, password,difficulty,day_of_progress) 
VALUES (4,'nim','yo',1,2);

INSERT INTO user_info (user_ID, username, password,difficulty,day_of_progress)
VALUES (5,'neha','hello',1,2);



'''#company'''
INSERT INTO company (company_ID, company_name)
VALUES (0,'blank');

INSERT INTO company (company_ID, company_name)
VALUES (1,'TESCO FOOD');

INSERT INTO company (company_ID, company_name)
VALUES (2,'PEB HOTELS');

INSERT INTO company (company_ID, company_name)
VALUES (3,'JCOM TECH');

INSERT INTO company (company_ID, company_name)
VALUES (4,'JNJ HEALTH');

INSERT INTO company (company_ID, company_name)
VALUES (5,'TESLA CAR');

INSERT INTO company (company_ID, company_name)
VALUES (6,'BP OIL');

INSERT INTO company (company_ID, company_name)
VALUES (7,'BANK');

'''#stock_price'''
'''TESCO FOOD'''
INSERT INTO stock_price (dayNo,company_ID,price)
VALUES (0,0,0);
INSERT INTO stock_price (dayNo,company_ID,price)
VALUES (0,1,17);
INSERT INTO stock_price (dayNo,company_ID,price)
VALUES (1,1,59);
INSERT INTO stock_price (dayNo,company_ID,price)
VALUES (2,1,66);
INSERT INTO stock_price (dayNo,company_ID,price)
VALUES (3,1,35);
INSERT INTO stock_price (dayNo,company_ID,price)
VALUES (4,1,70);
INSERT INTO stock_price (dayNo,company_ID,price)
VALUES (5,1,75);
INSERT INTO stock_price (dayNo,company_ID,price)
VALUES (6,1,87);
INSERT INTO stock_price (dayNo,company_ID,price)
VALUES (7,1,90);
INSERT INTO stock_price (dayNo,company_ID,price)
VALUES (8,1,92);
INSERT INTO stock_price (dayNo,company_ID,price)
VALUES (9,1,117);
INSERT INTO stock_price (dayNo,company_ID,price)
VALUES (10,1,120);
INSERT INTO stock_price (dayNo,company_ID,price)
VALUES (11,1,146);
INSERT INTO stock_price (dayNo,company_ID,price)
VALUES (12,1,100);
INSERT INTO stock_price (dayNo,company_ID,price)
VALUES (13,1,90);
INSERT INTO stock_price (dayNo,company_ID,price)
VALUES (14,1,65);
INSERT INTO stock_price (dayNo,company_ID,price)
VALUES (15,1,84);
INSERT INTO stock_price (dayNo,company_ID,price)
VALUES (16,1,92);
INSERT INTO stock_price (dayNo,company_ID,price)
VALUES (17,1,110);
INSERT INTO stock_price (dayNo,company_ID,price)
VALUES (18,1,156);
INSERT INTO stock_price (dayNo,company_ID,price)
VALUES (19,1,128);
INSERT INTO stock_price (dayNo,company_ID,price)
VALUES (20,1,130);
INSERT INTO stock_price (dayNo,company_ID,price)
VALUES (21,1,145);
INSERT INTO stock_price (dayNo,company_ID,price)
VALUES (22,1,141);
INSERT INTO stock_price (dayNo,company_ID,price)
VALUES (23,1,149);
INSERT INTO stock_price (dayNo,company_ID,price)
VALUES (24,1,160);
INSERT INTO stock_price (dayNo,company_ID,price)
VALUES (25,1,162);
INSERT INTO stock_price (dayNo,company_ID,price)
VALUES (26,1,157);
INSERT INTO stock_price (dayNo,company_ID,price)
VALUES (27,1,161);
INSERT INTO stock_price (dayNo,company_ID,price)
VALUES (28,1,143);
INSERT INTO stock_price (dayNo,company_ID,price)
VALUES (29,1,170);
INSERT INTO stock_price (dayNo,company_ID,price)
VALUES (30,1,80);

'''PEB HOTELS'''
INSERT INTO stock_price (dayNo,company_ID,price)
VALUES (0,2,0);
INSERT INTO stock_price (dayNo,company_ID,price)
VALUES (0,2,29);
INSERT INTO stock_price (dayNo,company_ID,price)
VALUES (1,2,37);
INSERT INTO stock_price (dayNo,company_ID,price)
VALUES (2,2,46);
INSERT INTO stock_price (dayNo,company_ID,price)
VALUES (3,2,49);
INSERT INTO stock_price (dayNo,company_ID,price)
VALUES (4,2,40);
INSERT INTO stock_price (dayNo,company_ID,price)
VALUES (5,2,42);
INSERT INTO stock_price (dayNo,company_ID,price)
VALUES (6,2,50);
INSERT INTO stock_price (dayNo,company_ID,price)
VALUES (7,2,57);
INSERT INTO stock_price (dayNo,company_ID,price)
VALUES (8,2,63);
INSERT INTO stock_price (dayNo,company_ID,price)
VALUES (9,2,60);
INSERT INTO stock_price (dayNo,company_ID,price)
VALUES (10,2,71);
INSERT INTO stock_price (dayNo,company_ID,price)
VALUES (11,2,84);
INSERT INTO stock_price (dayNo,company_ID,price)
VALUES (12,2,92);
INSERT INTO stock_price (dayNo,company_ID,price)
VALUES (13,2,87);
INSERT INTO stock_price (dayNo,company_ID,price)
VALUES (14,2,95);
INSERT INTO stock_price (dayNo,company_ID,price)
VALUES (15,2,84);
INSERT INTO stock_price (dayNo,company_ID,price)
VALUES (16,2,93);
INSERT INTO stock_price (dayNo,company_ID,price)
VALUES (17,2,100);
INSERT INTO stock_price (dayNo,company_ID,price)
VALUES (18,2,104);
INSERT INTO stock_price (dayNo,company_ID,price)
VALUES (19,2,112);
INSERT INTO stock_price (dayNo,company_ID,price)
VALUES (20,2,115);
INSERT INTO stock_price (dayNo,company_ID,price)
VALUES (21,2,121);
INSERT INTO stock_price (dayNo,company_ID,price)
VALUES (22,2,126);
INSERT INTO stock_price (dayNo,company_ID,price)
VALUES (23,2,119);
INSERT INTO stock_price (dayNo,company_ID,price)
VALUES (24,2,123);
INSERT INTO stock_price (dayNo,company_ID,price)
VALUES (25,2,129);
INSERT INTO stock_price (dayNo,company_ID,price)
VALUES (26,2,136);
INSERT INTO stock_price (dayNo,company_ID,price)
VALUES (27,2,149);
INSERT INTO stock_price (dayNo,company_ID,price)
VALUES (28,2,156);
INSERT INTO stock_price (dayNo,company_ID,price)
VALUES (29,2,164);
INSERT INTO stock_price (dayNo,company_ID,price)
VALUES (30,2,178);

'''JCOM TECH'''
INSERT INTO stock_price (dayNo,company_ID,price)
VALUES (0,3,0);
INSERT INTO stock_price (dayNo,company_ID,price)
VALUES (0,3,132);
INSERT INTO stock_price (dayNo,company_ID,price)
VALUES (1,3,117);
INSERT INTO stock_price (dayNo,company_ID,price)
VALUES (2,3,127);
INSERT INTO stock_price (dayNo,company_ID,price)
VALUES (3,3,109);
INSERT INTO stock_price (dayNo,company_ID,price)
VALUES (4,3,170);
INSERT INTO stock_price (dayNo,company_ID,price)
VALUES (5,3,200);
INSERT INTO stock_price (dayNo,company_ID,price)
VALUES (6,3,167);
INSERT INTO stock_price (dayNo,company_ID,price)
VALUES (7,3,170);
INSERT INTO stock_price (dayNo,company_ID,price)
VALUES (8,3,134);
INSERT INTO stock_price (dayNo,company_ID,price)
VALUES (9,3,155);
INSERT INTO stock_price (dayNo,company_ID,price)
VALUES (10,3,157);
INSERT INTO stock_price (dayNo,company_ID,price)
VALUES (11,3,148);
INSERT INTO stock_price (dayNo,company_ID,price)
VALUES (12,3,160);
INSERT INTO stock_price (dayNo,company_ID,price)
VALUES (13,3,186);
INSERT INTO stock_price (dayNo,company_ID,price)
VALUES (14,3,192);
INSERT INTO stock_price (dayNo,company_ID,price)
VALUES (15,3,133);
INSERT INTO stock_price (dayNo,company_ID,price)
VALUES (16,3,123);
INSERT INTO stock_price (dayNo,company_ID,price)
VALUES (17,3,90);
INSERT INTO stock_price (dayNo,company_ID,price)
VALUES (18,3,124);
INSERT INTO stock_price (dayNo,company_ID,price)
VALUES (19,3,136);
INSERT INTO stock_price (dayNo,company_ID,price)
VALUES (20,3,100);
INSERT INTO stock_price (dayNo,company_ID,price)
VALUES (21,3,147);
INSERT INTO stock_price (dayNo,company_ID,price)
VALUES (22,3,158);
INSERT INTO stock_price (dayNo,company_ID,price)
VALUES (23,3,163);
INSERT INTO stock_price (dayNo,company_ID,price)
VALUES (24,3,190);
INSERT INTO stock_price (dayNo,company_ID,price)
VALUES (25,3,182);
INSERT INTO stock_price (dayNo,company_ID,price)
VALUES (26,3,138);
INSERT INTO stock_price (dayNo,company_ID,price)
VALUES (27,3,159);
INSERT INTO stock_price (dayNo,company_ID,price)
VALUES (28,3,164);
INSERT INTO stock_price (dayNo,company_ID,price)
VALUES (29,3,116);
INSERT INTO stock_price (dayNo,company_ID,price)
VALUES (30,3,168);

'''JNJ HEALTH'''
INSERT INTO stock_price (dayNo,company_ID,price)
VALUES (0,4,0);
INSERT INTO stock_price (dayNo,company_ID,price)
VALUES (0,4,190);
INSERT INTO stock_price (dayNo,company_ID,price)
VALUES (1,4,185);
INSERT INTO stock_price (dayNo,company_ID,price)
VALUES (2,4,163);
INSERT INTO stock_price (dayNo,company_ID,price)
VALUES (3,4,134);
INSERT INTO stock_price (dayNo,company_ID,price)
VALUES (4,4,122);
INSERT INTO stock_price (dayNo,company_ID,price)
VALUES (5,4,115);
INSERT INTO stock_price (dayNo,company_ID,price)
VALUES (6,4,126);
INSERT INTO stock_price (dayNo,company_ID,price)
VALUES (7,4,137);
INSERT INTO stock_price (dayNo,company_ID,price)
VALUES (8,4,100);
INSERT INTO stock_price (dayNo,company_ID,price)
VALUES (9,4,97);
INSERT INTO stock_price (dayNo,company_ID,price)
VALUES (10,4,94);
INSERT INTO stock_price (dayNo,company_ID,price)
VALUES (11,4,90);
INSERT INTO stock_price (dayNo,company_ID,price)
VALUES (12,4,93);
INSERT INTO stock_price (dayNo,company_ID,price)
VALUES (13,4,97);
INSERT INTO stock_price (dayNo,company_ID,price)
VALUES (14,4,92);
INSERT INTO stock_price (dayNo,company_ID,price)
VALUES (15,4,84);
INSERT INTO stock_price (dayNo,company_ID,price)
VALUES (16,4,80);
INSERT INTO stock_price (dayNo,company_ID,price)
VALUES (17,4,87);
INSERT INTO stock_price (dayNo,company_ID,price)
VALUES (18,4,84);
INSERT INTO stock_price (dayNo,company_ID,price)
VALUES (19,4,79);
INSERT INTO stock_price (dayNo,company_ID,price)
VALUES (20,4,90);
INSERT INTO stock_price (dayNo,company_ID,price)
VALUES (21,4,114);
INSERT INTO stock_price (dayNo,company_ID,price)
VALUES (22,4,120);
INSERT INTO stock_price (dayNo,company_ID,price)
VALUES (23,4,126);
INSERT INTO stock_price (dayNo,company_ID,price)
VALUES (24,4,110);
INSERT INTO stock_price (dayNo,company_ID,price)
VALUES (25,4,93);
INSERT INTO stock_price (dayNo,company_ID,price)
VALUES (26,4,82);
INSERT INTO stock_price (dayNo,company_ID,price)
VALUES (27,4,74);
INSERT INTO stock_price (dayNo,company_ID,price)
VALUES (28,4,66);
INSERT INTO stock_price (dayNo,company_ID,price)
VALUES (29,4,70);
INSERT INTO stock_price (dayNo,company_ID,price)
VALUES (30,4,30);

'''TESLA CAR'''
INSERT INTO stock_price (dayNo,company_ID,price)
VALUES (0,5,0);
INSERT INTO stock_price (dayNo,company_ID,price)
VALUES (0,5,170);
INSERT INTO stock_price (dayNo,company_ID,price)
VALUES (1,5,148);
INSERT INTO stock_price (dayNo,company_ID,price)
VALUES (2,5,164);
INSERT INTO stock_price (dayNo,company_ID,price)
VALUES (3,5,101);
INSERT INTO stock_price (dayNo,company_ID,price)
VALUES (4,5,173);
INSERT INTO stock_price (dayNo,company_ID,price)
VALUES (5,5,102);
INSERT INTO stock_price (dayNo,company_ID,price)
VALUES (6,5,145);
INSERT INTO stock_price (dayNo,company_ID,price)
VALUES (7,5,137);
INSERT INTO stock_price (dayNo,company_ID,price)
VALUES (8,5,171);
INSERT INTO stock_price (dayNo,company_ID,price)
VALUES (9,5,101);
INSERT INTO stock_price (dayNo,company_ID,price)
VALUES (10,5,94);
INSERT INTO stock_price (dayNo,company_ID,price)
VALUES (11,5,98);
INSERT INTO stock_price (dayNo,company_ID,price)
VALUES (12,5,77);
INSERT INTO stock_price (dayNo,company_ID,price)
VALUES (13,5,74);
INSERT INTO stock_price (dayNo,company_ID,price)
VALUES (14,5,54);
INSERT INTO stock_price (dayNo,company_ID,price)
VALUES (15,5,84);
INSERT INTO stock_price (dayNo,company_ID,price)
VALUES (16,5,107);
INSERT INTO stock_price (dayNo,company_ID,price)
VALUES (17,5,99);
INSERT INTO stock_price (dayNo,company_ID,price)
VALUES (18,5,82);
INSERT INTO stock_price (dayNo,company_ID,price)
VALUES (19,5,79);
INSERT INTO stock_price (dayNo,company_ID,price)
VALUES (20,5,91);
INSERT INTO stock_price (dayNo,company_ID,price)
VALUES (21,5,115);
INSERT INTO stock_price (dayNo,company_ID,price)
VALUES (22,5,170);
INSERT INTO stock_price (dayNo,company_ID,price)
VALUES (23,5,167);
INSERT INTO stock_price (dayNo,company_ID,price)
VALUES (24,5,125);
INSERT INTO stock_price (dayNo,company_ID,price)
VALUES (25,5,93);
INSERT INTO stock_price (dayNo,company_ID,price)
VALUES (26,5,58);
INSERT INTO stock_price (dayNo,company_ID,price)
VALUES (27,5,72);
INSERT INTO stock_price (dayNo,company_ID,price)
VALUES (28,5,91);
INSERT INTO stock_price (dayNo,company_ID,price)
VALUES (29,5,78);
INSERT INTO stock_price (dayNo,company_ID,price)
VALUES (30,5,174);

'''BP OIL'''
INSERT INTO stock_price (dayNo,company_ID,price)
VALUES (0,6,0);
INSERT INTO stock_price (dayNo,company_ID,price)
VALUES (0,6,102);
INSERT INTO stock_price (dayNo,company_ID,price)
VALUES (1,6,111);
INSERT INTO stock_price (dayNo,company_ID,price)
VALUES (2,6,114);
INSERT INTO stock_price (dayNo,company_ID,price)
VALUES (3,6,118);
INSERT INTO stock_price (dayNo,company_ID,price)
VALUES (4,6,100);
INSERT INTO stock_price (dayNo,company_ID,price)
VALUES (5,6,121);
INSERT INTO stock_price (dayNo,company_ID,price)
VALUES (6,6,125);
INSERT INTO stock_price (dayNo,company_ID,price)
VALUES (7,6,101);
INSERT INTO stock_price (dayNo,company_ID,price)
VALUES (8,6,80);
INSERT INTO stock_price (dayNo,company_ID,price)
VALUES (9,6,85);
INSERT INTO stock_price (dayNo,company_ID,price)
VALUES (10,6,100);
INSERT INTO stock_price (dayNo,company_ID,price)
VALUES (11,6,95);
INSERT INTO stock_price (dayNo,company_ID,price)
VALUES (12,6,105);
INSERT INTO stock_price (dayNo,company_ID,price)
VALUES (13,6,127);
INSERT INTO stock_price (dayNo,company_ID,price)
VALUES (14,6,147);
INSERT INTO stock_price (dayNo,company_ID,price)
VALUES (15,6,132);
INSERT INTO stock_price (dayNo,company_ID,price)
VALUES (16,6,123);
INSERT INTO stock_price (dayNo,company_ID,price)
VALUES (17,6,150);
INSERT INTO stock_price (dayNo,company_ID,price)
VALUES (18,6,175);
INSERT INTO stock_price (dayNo,company_ID,price)
VALUES (19,6,180);
INSERT INTO stock_price (dayNo,company_ID,price)
VALUES (20,6,178);
INSERT INTO stock_price (dayNo,company_ID,price)
VALUES (21,6,160);
INSERT INTO stock_price (dayNo,company_ID,price)
VALUES (22,6,155);
INSERT INTO stock_price (dayNo,company_ID,price)
VALUES (23,6,165);
INSERT INTO stock_price (dayNo,company_ID,price)
VALUES (24,6,147);
INSERT INTO stock_price (dayNo,company_ID,price)
VALUES (25,6,157);
INSERT INTO stock_price (dayNo,company_ID,price)
VALUES (26,6,104);
INSERT INTO stock_price (dayNo,company_ID,price)
VALUES (27,6,141);
INSERT INTO stock_price (dayNo,company_ID,price)
VALUES (28,6,139);
INSERT INTO stock_price (dayNo,company_ID,price)
VALUES (29,6,120);
INSERT INTO stock_price (dayNo,company_ID,price)
VALUES (30,6,180);

'''BANK'''
INSERT INTO stock_price (dayNo,company_ID,price)
VALUES (0,7,0);
INSERT INTO stock_price (dayNo,company_ID,price)
VALUES (0,7,4);
INSERT INTO stock_price (dayNo,company_ID,price)
VALUES (1,7,5);
INSERT INTO stock_price (dayNo,company_ID,price)
VALUES (2,7,4);
INSERT INTO stock_price (dayNo,company_ID,price)
VALUES (3,7,8);
INSERT INTO stock_price (dayNo,company_ID,price)
VALUES (4,7,5);
INSERT INTO stock_price (dayNo,company_ID,price)
VALUES (5,7,7);
INSERT INTO stock_price (dayNo,company_ID,price)
VALUES (6,7,11);
INSERT INTO stock_price (dayNo,company_ID,price)
VALUES (7,7,9);
INSERT INTO stock_price (dayNo,company_ID,price)
VALUES (8,7,13);
INSERT INTO stock_price (dayNo,company_ID,price)
VALUES (9,7,16);
INSERT INTO stock_price (dayNo,company_ID,price)
VALUES (10,7,12);
INSERT INTO stock_price (dayNo,company_ID,price)
VALUES (11,7,15);
INSERT INTO stock_price (dayNo,company_ID,price)
VALUES (12,7,17);
INSERT INTO stock_price (dayNo,company_ID,price)
VALUES (13,7,12);
INSERT INTO stock_price (dayNo,company_ID,price)
VALUES (14,7,9);
INSERT INTO stock_price (dayNo,company_ID,price)
VALUES (15,7,7);
INSERT INTO stock_price (dayNo,company_ID,price)
VALUES (16,7,5);
INSERT INTO stock_price (dayNo,company_ID,price)
VALUES (17,7,3);
INSERT INTO stock_price (dayNo,company_ID,price)
VALUES (18,7,6);
INSERT INTO stock_price (dayNo,company_ID,price)
VALUES (19,7,11);
INSERT INTO stock_price (dayNo,company_ID,price)
VALUES (20,7,16);
INSERT INTO stock_price (dayNo,company_ID,price)
VALUES (21,7,21);
INSERT INTO stock_price (dayNo,company_ID,price)
VALUES (22,7,18);
INSERT INTO stock_price (dayNo,company_ID,price)
VALUES (23,7,14);
INSERT INTO stock_price (dayNo,company_ID,price)
VALUES (24,7,8);
INSERT INTO stock_price (dayNo,company_ID,price)
VALUES (25,7,11);
INSERT INTO stock_price (dayNo,company_ID,price)
VALUES (26,7,13);
INSERT INTO stock_price (dayNo,company_ID,price)
VALUES (27,7,6);
INSERT INTO stock_price (dayNo,company_ID,price)
VALUES (28,7,2);
INSERT INTO stock_price (dayNo,company_ID,price)
VALUES (29,7,6);
INSERT INTO stock_price (dayNo,company_ID,price)
VALUES (30,7,2);


'''assets'''
INSERT INTO assets (user_ID,company_ID, amount)
VALUES (1,0,0);
INSERT INTO assets (user_ID,company_ID, amount)
VALUES (1,1,10);
INSERT INTO assets (user_ID,company_ID, amount)
VALUES (1,2,11);
INSERT INTO assets (user_ID,company_ID, amount)
VALUES (1,3,12);
INSERT INTO assets (user_ID,company_ID, amount)
VALUES (1,4,13);
INSERT INTO assets (user_ID,company_ID, amount)
VALUES (1,5,14);
INSERT INTO assets (user_ID,company_ID, amount)
VALUES (1,6,15);
INSERT INTO assets (user_ID,company_ID, amount)
VALUES (1,7,16);
